{"all/test_tag_auc/guitar": 0.8989280903200974, "all/test_tag_auc/classical": 0.9124102003170219, "all/test_tag_auc/slow": 0.8316234805397722, "all/test_tag_auc/techno": 0.9507001779340563, "all/test_tag_auc/strings": 0.886353560756844, "all/test_tag_auc/drums": 0.8746853241463284, "all/test_tag_auc/electronic": 0.8752165054764623, "all/test_tag_auc/rock": 0.9773138949044823, "all/test_tag_auc/fast": 0.898393951931395, "all/test_tag_auc/piano": 0.9470393569146561, "all/test_tag_auc/ambient": 0.9394361446885102, "all/test_tag_auc/beat": 0.9222883767581815, "all/test_tag_auc/violin": 0.9131711103072421, "all/test_tag_auc/vocal": 0.8443470540986148, "all/test_tag_auc/synth": 0.8366661211030084, "all/test_tag_auc/female": 0.8839235131986837, "all/test_tag_auc/indian": 0.8587422098843885, "all/test_tag_auc/opera": 0.9794843415623168, "all/test_tag_auc/male": 0.8843451793353077, "all/test_tag_auc/singing": 0.8596977838831539, "all/test_tag_auc/vocals": 0.8293424785737472, "all/test_tag_auc/no vocals": 0.6512391817466561, "all/test_tag_auc/harpsichord": 0.9814948634014782, "all/test_tag_auc/loud": 0.9030195147679325, "all/test_tag_auc/quiet": 0.8965183384017624, "all/test_tag_auc/flute": 0.9501740628442131, "all/test_tag_auc/woman": 0.889240987997596, "all/test_tag_auc/male vocal": 0.8791995407545347, "all/test_tag_auc/no vocal": 0.6749075335799104, "all/test_tag_auc/pop": 0.9157800466767654, "all/test_tag_auc/soft": 0.8308153875343895, "all/test_tag_auc/sitar": 0.8957974618965626, "all/test_tag_auc/solo": 0.8996764108365874, "all/test_tag_auc/man": 0.8728775367589383, "all/test_tag_auc/classic": 0.8801024229650403, "all/test_tag_auc/choir": 0.9822950249765133, "all/test_tag_auc/voice": 0.8128826942763192, "all/test_tag_auc/new age": 0.8733587380084196, "all/test_tag_auc/dance": 0.9611555595963269, "all/test_tag_auc/male voice": 0.816819728801393, "all/test_tag_auc/female vocal": 0.8678201779841362, "all/test_tag_auc/beats": 0.9102645562986557, "all/test_tag_auc/harp": 0.9506225495825062, "all/test_tag_auc/cello": 0.9463269919005463, "all/test_tag_auc/no voice": 0.6364857088049108, "all/test_tag_auc/weird": 0.7908355826815364, "all/test_tag_auc/country": 0.9478689789365601, "all/test_tag_auc/metal": 0.9818170081919113, "all/test_tag_auc/female voice": 0.8379635155405731, "all/test_tag_auc/choral": 0.98560515054234, "all/test_tag_ap/guitar": 0.649926250432943, "all/test_tag_ap/classical": 0.5826316034342763, "all/test_tag_ap/slow": 0.40567234076678704, "all/test_tag_ap/techno": 0.7091986998409393, "all/test_tag_ap/strings": 0.3764301155455466, "all/test_tag_ap/drums": 0.38947423730739406, "all/test_tag_ap/electronic": 0.35272915624408524, "all/test_tag_ap/rock": 0.8026988435262631, "all/test_tag_ap/fast": 0.47453476188267624, "all/test_tag_ap/piano": 0.7642796011392142, "all/test_tag_ap/ambient": 0.5925630952748954, "all/test_tag_ap/beat": 0.4247523982086362, "all/test_tag_ap/violin": 0.516659129431972, "all/test_tag_ap/vocal": 0.29205107270408925, "all/test_tag_ap/synth": 0.2195679701879784, "all/test_tag_ap/female": 0.4172624609648095, "all/test_tag_ap/indian": 0.18568916725531642, "all/test_tag_ap/opera": 0.7446523332576991, "all/test_tag_ap/male": 0.28940046837099187, "all/test_tag_ap/singing": 0.23659217951020328, "all/test_tag_ap/vocals": 0.18402565311032051, "all/test_tag_ap/no vocals": 0.0659798614043606, "all/test_tag_ap/harpsichord": 0.7676223059407258, "all/test_tag_ap/loud": 0.36771437891834863, "all/test_tag_ap/quiet": 0.2994626454713968, "all/test_tag_ap/flute": 0.6217974286217746, "all/test_tag_ap/woman": 0.28968983749388155, "all/test_tag_ap/male vocal": 0.22209906919078454, "all/test_tag_ap/no vocal": 0.0591129824853668, "all/test_tag_ap/pop": 0.28288616022210444, "all/test_tag_ap/soft": 0.19149067791642158, "all/test_tag_ap/sitar": 0.1801274428657323, "all/test_tag_ap/solo": 0.2028891164190222, "all/test_tag_ap/man": 0.19480275977037662, "all/test_tag_ap/classic": 0.14339402172408483, "all/test_tag_ap/choir": 0.6906801268118771, "all/test_tag_ap/voice": 0.09104280778223998, "all/test_tag_ap/new age": 0.14096755123865262, "all/test_tag_ap/dance": 0.43041216176700636, "all/test_tag_ap/male voice": 0.10552083382744062, "all/test_tag_ap/female vocal": 0.22912312240911425, "all/test_tag_ap/beats": 0.1774882376364496, "all/test_tag_ap/harp": 0.46810335909177025, "all/test_tag_ap/cello": 0.26667040640028805, "all/test_tag_ap/no voice": 0.03141150616623429, "all/test_tag_ap/weird": 0.08306849096642598, "all/test_tag_ap/country": 0.20995081517011013, "all/test_tag_ap/metal": 0.5557751911769483, "all/test_tag_ap/female voice": 0.13105808491137844, "all/test_tag_ap/choral": 0.5628081723154724, "all/test_clip_auc/guitar": 1.0, "all/test_clip_auc/classical": 0.9955555555555555, "all/test_clip_auc/slow": 0.9290780141843972, "all/test_clip_auc/techno": 0.84375, "all/test_clip_auc/strings": 0.9945652173913043, "all/test_clip_auc/drums": 0.8571428571428572, "all/test_clip_auc/electronic": 0.9184782608695652, "all/test_clip_auc/rock": 0.8333333333333333, "all/test_clip_auc/fast": 0.7395833333333334, "all/test_clip_auc/piano": 0.9795918367346939, "all/test_clip_auc/ambient": 1.0, "all/test_clip_auc/beat": 1.0, "all/test_clip_auc/violin": 0.9293478260869565, "all/test_clip_auc/vocal": 1.0, "all/test_clip_auc/synth": 1.0, "all/test_clip_auc/female": 0.8865248226950355, "all/test_clip_auc/indian": 1.0, "all/test_clip_auc/opera": 1.0, "all/test_clip_auc/male": 0.8641304347826086, "all/test_clip_auc/singing": 0.8265582655826558, "all/test_clip_auc/vocals": 0.90625, "all/test_clip_auc/no vocals": 0.7446808510638299, "all/test_clip_auc/harpsichord": 0.9787234042553192, "all/test_clip_auc/loud": 0.9361702127659575, "all/test_clip_auc/quiet": 0.9895833333333333, "all/test_clip_auc/flute": 0.9644444444444444, "all/test_clip_auc/woman": 0.7608695652173914, "all/test_clip_auc/male vocal": 0.8367346938775511, "all/test_clip_auc/no vocal": 1.0, "all/test_clip_auc/pop": 0.928888888888889, "all/test_clip_auc/soft": 1.0, "all/test_clip_auc/sitar": 1.0, "all/test_clip_auc/solo": 1.0, "all/test_clip_auc/man": 0.9716312056737589, "all/test_clip_auc/classic": 0.9166666666666667, "all/test_clip_auc/choir": 1.0, "all/test_clip_auc/voice": 1.0, "all/test_clip_auc/new age": 1.0, "all/test_clip_auc/dance": 1.0, "all/test_clip_auc/male voice": 1.0, "all/test_clip_auc/female vocal": 0.9791666666666667, "all/test_clip_auc/beats": 0.9155555555555557, "all/test_clip_auc/harp": 0.9583333333333334, "all/test_clip_auc/cello": 1.0, "all/test_clip_auc/no voice": 0.9066666666666667, "all/test_clip_auc/weird": 0.9377777777777778, "all/test_clip_auc/country": 0.9347826086956521, "all/test_clip_auc/metal": 0.9293478260869565, "all/test_clip_auc/female voice": 0.9795918367346939, "all/test_clip_auc/choral": 0.9078014184397164, "all/test_clip_ap/guitar": 1.0, "all/test_clip_ap/classical": 0.9666666666666666, "all/test_clip_ap/slow": 0.7435897435897436, "all/test_clip_ap/techno": 0.3125, "all/test_clip_ap/strings": 0.95, "all/test_clip_ap/drums": 0.125, "all/test_clip_ap/electronic": 0.8026315789473684, "all/test_clip_ap/rock": 0.15476190476190477, "all/test_clip_ap/fast": 0.14347826086956522, "all/test_clip_ap/piano": 0.5, "all/test_clip_ap/ambient": 1.0, "all/test_clip_ap/beat": 1.0, "all/test_clip_ap/violin": 0.6742424242424243, "all/test_clip_ap/vocal": 1.0, "all/test_clip_ap/synth": 1.0, "all/test_clip_ap/female": 0.6111111111111112, "all/test_clip_ap/indian": 1.0, "all/test_clip_ap/opera": 1.0, "all/test_clip_ap/male": 0.565, "all/test_clip_ap/singing": 0.5721526037315511, "all/test_clip_ap/vocals": 0.2777777777777778, "all/test_clip_ap/no vocals": 0.41384863123993554, "all/test_clip_ap/harpsichord": 0.7555555555555555, "all/test_clip_ap/loud": 0.6464646464646464, "all/test_clip_ap/quiet": 0.8333333333333333, "all/test_clip_ap/flute": 0.8769230769230769, "all/test_clip_ap/woman": 0.1869047619047619, "all/test_clip_ap/male vocal": 0.1111111111111111, "all/test_clip_ap/no vocal": 1.0,